[
  {
    "id": "5ba7c1a8-05bd-4697-a857-88d58b756150",
    "data": [
      {
        "text": "add user ",
        "userDefined": false
      },
      {
        "text": "339994",
        "alias": "user",
        "meta": "@sys.any",
        "userDefined": true
      }
    ],
    "isTemplate": false,
    "count": 0,
    "updated": 1520109272
  },
  {
    "id": "53399ff0-ce2d-4ae5-bd40-bca9cb5a8d4c",
    "data": [
      {
        "text": "add user ",
        "userDefined": false
      },
      {
        "text": "Dan",
        "alias": "user",
        "meta": "@sys.any",
        "userDefined": true
      }
    ],
    "isTemplate": false,
    "count": 0,
    "updated": 1520109272
  },
  {
    "id": "2c8a85e5-cbe3-4125-b719-caef3341c40a",
    "data": [
      {
        "text": "add user ",
        "userDefined": false
      },
      {
        "text": "SamX339D",
        "alias": "user",
        "meta": "@sys.any",
        "userDefined": true
      }
    ],
    "isTemplate": false,
    "count": 0,
    "updated": 1520109272
  },
  {
    "id": "f03185a8-5835-49c3-b9b5-9d4c5883a562",
    "data": [
      {
        "text": "add user ",
        "userDefined": false
      },
      {
        "text": "Dan1983",
        "alias": "user",
        "meta": "@sys.any",
        "userDefined": true
      }
    ],
    "isTemplate": false,
    "count": 0,
    "updated": 1520109272
  },
  {
    "id": "80d876c9-f75a-41dc-b50b-939447bc7c89",
    "data": [
      {
        "text": "add user ",
        "userDefined": false
      },
      {
        "text": "Tim",
        "alias": "user",
        "meta": "@sys.any",
        "userDefined": true
      }
    ],
    "isTemplate": false,
    "count": 0,
    "updated": 1520109272
  },
  {
    "id": "c710e701-dee3-4b08-aa3f-179a2ca82b15",
    "data": [
      {
        "text": "add user @sys.any:user",
        "userDefined": false
      }
    ],
    "isTemplate": true,
    "count": 0,
    "updated": 1520109272
  }
]