[
  {
    "id": "ebd96c4f-0b42-4af8-8b62-2e42d8f1d87e",
    "data": [
      {
        "text": "start log",
        "userDefined": false
      }
    ],
    "isTemplate": false,
    "count": 0,
    "updated": 1519923117
  },
  {
    "id": "a14f46c4-bfd3-44a5-9d33-fda8dce02f2d",
    "data": [
      {
        "text": "create a log",
        "userDefined": false
      }
    ],
    "isTemplate": false,
    "count": 0,
    "updated": 1519923117
  },
  {
    "id": "c32f51ca-62fc-4e34-80db-e6c8a508c3a2",
    "data": [
      {
        "text": "please create log",
        "userDefined": false
      }
    ],
    "isTemplate": false,
    "count": 0,
    "updated": 1519923117
  },
  {
    "id": "87823e33-5794-4cb1-a62c-89e242256ecb",
    "data": [
      {
        "text": "I need a log",
        "userDefined": false
      }
    ],
    "isTemplate": false,
    "count": 0,
    "updated": 1519923117
  },
  {
    "id": "24849cb4-895f-4428-bb4a-6d5b9bed5cc1",
    "data": [
      {
        "text": "make log",
        "userDefined": false
      }
    ],
    "isTemplate": false,
    "count": 0,
    "updated": 1519923117
  },
  {
    "id": "c0b4f117-f0cd-4e07-86bc-6ff92686506c",
    "data": [
      {
        "text": "creat log",
        "userDefined": false
      }
    ],
    "isTemplate": false,
    "count": 0,
    "updated": 1519923117
  },
  {
    "id": "c999edaa-a6a1-4a08-8a0c-6126cb00da2b",
    "data": [
      {
        "text": "create log",
        "userDefined": false
      }
    ],
    "isTemplate": false,
    "count": 0,
    "updated": 1519923117
  }
]