[
  {
    "id": "05f47981-f7e0-412e-9a69-16ba45ed19f6",
    "data": [
      {
        "text": "@sys.any:log_to_delete",
        "userDefined": false
      }
    ],
    "isTemplate": true,
    "count": 0,
    "updated": 1519983770
  },
  {
    "id": "a687ae20-2c22-4123-abb8-0545d138d66b",
    "data": [
      {
        "text": "epsilon-mouse-",
        "userDefined": false
      },
      {
        "text": "120617",
        "alias": "number",
        "meta": "@sys.number",
        "userDefined": false
      }
    ],
    "isTemplate": false,
    "count": 0,
    "updated": 1519983770
  },
  {
    "id": "86efdb75-7847-48eb-bb58-5f004e40ee0a",
    "data": [
      {
        "text": "epsilon-mouse-",
        "userDefined": false
      },
      {
        "text": "020318",
        "alias": "number",
        "meta": "@sys.number",
        "userDefined": false
      }
    ],
    "isTemplate": false,
    "count": 0,
    "updated": 1519983770
  },
  {
    "id": "661ee60c-6595-4652-83d4-8873292a7f4a",
    "data": [
      {
        "text": "zeta-puma",
        "userDefined": false
      },
      {
        "text": "-280218",
        "alias": "number",
        "meta": "@sys.number",
        "userDefined": false
      }
    ],
    "isTemplate": false,
    "count": 0,
    "updated": 1519983770
  },
  {
    "id": "f632c39f-682e-4aec-804e-74d922987e4a",
    "data": [
      {
        "text": "theta-zebra",
        "userDefined": false
      },
      {
        "text": "-010318",
        "alias": "number",
        "meta": "@sys.number",
        "userDefined": false
      }
    ],
    "isTemplate": false,
    "count": 0,
    "updated": 1519983770
  }
]