[
  {
    "id": "3f7b23d3-96d1-4884-b5c6-9759711e6f04",
    "data": [
      {
        "text": "invoicing",
        "userDefined": false
      }
    ],
    "isTemplate": false,
    "count": 0,
    "updated": 1519422440
  },
  {
    "id": "35760928-3e8d-4fe5-98ec-26182f14c1ed",
    "data": [
      {
        "text": "account",
        "userDefined": false
      }
    ],
    "isTemplate": false,
    "count": 0,
    "updated": 1519422440
  },
  {
    "id": "2b434667-0003-4b83-87d9-824e2df19dc1",
    "data": [
      {
        "text": "show account",
        "userDefined": false
      }
    ],
    "isTemplate": false,
    "count": 0,
    "updated": 1519422440
  },
  {
    "id": "0005edea-67ff-4a4d-a279-343741b6402e",
    "data": [
      {
        "text": "show invoice",
        "userDefined": false
      }
    ],
    "isTemplate": false,
    "count": 0,
    "updated": 1519422440
  },
  {
    "id": "ae4172d7-73e1-4932-834b-7fe7cd23ff4e",
    "data": [
      {
        "text": "invoice",
        "userDefined": false
      }
    ],
    "isTemplate": false,
    "count": 0,
    "updated": 1519422440
  },
  {
    "id": "c2f78aa9-1d9b-458f-9f3e-6cd4eb39d486",
    "data": [
      {
        "text": "give me report",
        "userDefined": false
      }
    ],
    "isTemplate": false,
    "count": 0,
    "updated": 1519422440
  },
  {
    "id": "3bf99035-6689-449c-904e-722eec7fc91c",
    "data": [
      {
        "text": "show report",
        "userDefined": false
      }
    ],
    "isTemplate": false,
    "count": 0,
    "updated": 1519422440
  },
  {
    "id": "6ef5840d-c98e-4297-9746-07956d6742c6",
    "data": [
      {
        "text": "report",
        "userDefined": false
      }
    ],
    "isTemplate": false,
    "count": 0,
    "updated": 1519422440
  },
  {
    "id": "120ba699-1875-4159-a6f4-e92091cb856e",
    "data": [
      {
        "text": "show statement",
        "userDefined": false
      }
    ],
    "isTemplate": false,
    "count": 0,
    "updated": 1519422440
  },
  {
    "id": "33ff517e-5bff-434d-91ea-a4bb85f6a5cf",
    "data": [
      {
        "text": "statement",
        "userDefined": false
      }
    ],
    "isTemplate": false,
    "count": 0,
    "updated": 1519422440
  }
]