[
  {
    "id": "8103d314-eccd-4b92-b90a-21efc5453866",
    "data": [
      {
        "text": "Hey",
        "userDefined": false
      }
    ],
    "isTemplate": false,
    "count": 0,
    "updated": 1519381905
  },
  {
    "id": "5ef549e3-9df6-4bcc-8173-2fbec69659be",
    "data": [
      {
        "text": "Hello!",
        "userDefined": false
      }
    ],
    "isTemplate": false,
    "count": 0,
    "updated": 1519381905
  },
  {
    "id": "cf3e3392-a0ab-4586-b719-46f8dc6a8312",
    "data": [
      {
        "text": "Hi!",
        "userDefined": false
      }
    ],
    "isTemplate": false,
    "count": 0,
    "updated": 1519381905
  }
]