[
  {
    "id": "e0992eaf-0cfd-477b-9404-cf073de028db",
    "data": [
      {
        "text": "add paement",
        "userDefined": false
      }
    ],
    "isTemplate": false,
    "count": 0,
    "updated": 1520242094
  },
  {
    "id": "b884fd9a-e151-4f8f-ac34-f18266410d42",
    "data": [
      {
        "text": "add paymen",
        "userDefined": false
      }
    ],
    "isTemplate": false,
    "count": 0,
    "updated": 1520242094
  },
  {
    "id": "937a480c-05fb-4a29-92a5-f25179e4e093",
    "data": [
      {
        "text": "add paiment",
        "userDefined": false
      }
    ],
    "isTemplate": false,
    "count": 0,
    "updated": 1520242094
  },
  {
    "id": "36139339-9b95-4d30-bda6-12c14117d450",
    "data": [
      {
        "text": "add transaction",
        "userDefined": false
      }
    ],
    "isTemplate": false,
    "count": 0,
    "updated": 1520242094
  },
  {
    "id": "6d18073e-a57e-48da-a867-d649be908426",
    "data": [
      {
        "text": "add new payment",
        "userDefined": false
      }
    ],
    "isTemplate": false,
    "count": 0,
    "updated": 1520242094
  },
  {
    "id": "c68a5927-df96-4b88-a7cb-84123d41156f",
    "data": [
      {
        "text": "Add payment",
        "userDefined": false
      }
    ],
    "isTemplate": false,
    "count": 0,
    "updated": 1520242094
  }
]