[
  {
    "id": "79169f33-40ac-454a-8862-e9007403a51a",
    "data": [
      {
        "text": "add paement",
        "userDefined": false
      }
    ],
    "isTemplate": false,
    "count": 0,
    "updated": 1520242094
  },
  {
    "id": "fa6ec3be-3844-4c4d-942a-6cd595a11238",
    "data": [
      {
        "text": "add paymen",
        "userDefined": false
      }
    ],
    "isTemplate": false,
    "count": 0,
    "updated": 1520242094
  },
  {
    "id": "0bb0a8dc-e969-456f-a228-3b6c62c567b7",
    "data": [
      {
        "text": "add paiment",
        "userDefined": false
      }
    ],
    "isTemplate": false,
    "count": 0,
    "updated": 1520242094
  },
  {
    "id": "141ccf23-5c4c-482b-9802-be71dae70818",
    "data": [
      {
        "text": "add transaction",
        "userDefined": false
      }
    ],
    "isTemplate": false,
    "count": 0,
    "updated": 1520242094
  },
  {
    "id": "c3c41d86-86f6-46d5-b4e2-37845af94fcd",
    "data": [
      {
        "text": "add new payment",
        "userDefined": false
      }
    ],
    "isTemplate": false,
    "count": 0,
    "updated": 1520242094
  },
  {
    "id": "a5e9d106-d771-4c56-a910-6bc8e51f2cd5",
    "data": [
      {
        "text": "Add payment",
        "userDefined": false
      }
    ],
    "isTemplate": false,
    "count": 0,
    "updated": 1520242094
  }
]