[
  {
    "id": "4801e195-13f8-4981-ba9b-82a8bed2617f",
    "data": [
      {
        "text": "Dan1983",
        "alias": "user",
        "meta": "@sys.any",
        "userDefined": true
      }
    ],
    "isTemplate": false,
    "count": 1,
    "updated": 1520111642
  },
  {
    "id": "92e41261-f720-43e0-a869-b1ee0f2270dd",
    "data": [
      {
        "text": "Dan",
        "alias": "user",
        "meta": "@sys.any",
        "userDefined": true
      }
    ],
    "isTemplate": false,
    "count": 0,
    "updated": 1520111642
  },
  {
    "id": "251d2b4e-937b-4d9d-bed0-8ba8b4c8e4fd",
    "data": [
      {
        "text": "339994",
        "alias": "user",
        "meta": "@sys.any",
        "userDefined": true
      }
    ],
    "isTemplate": false,
    "count": 0,
    "updated": 1520111642
  },
  {
    "id": "85533a2d-d8f0-45e9-a589-ec0ea4ecd2b7",
    "data": [
      {
        "text": " ",
        "userDefined": false
      },
      {
        "text": "SamX339D",
        "alias": "user",
        "meta": "@sys.any",
        "userDefined": true
      }
    ],
    "isTemplate": false,
    "count": 0,
    "updated": 1520111642
  },
  {
    "id": "bd40a9bd-a48e-4f6b-a3e2-16cc3c6a6afe",
    "data": [
      {
        "text": "@sys.any:user",
        "userDefined": false
      }
    ],
    "isTemplate": true,
    "count": 0,
    "updated": 1520111642
  }
]