[
  {
    "id": "d0e1a0c9-684b-4e2f-9d20-5eb4979dffd8",
    "data": [
      {
        "text": "show me balance for ",
        "userDefined": false
      },
      {
        "text": "Anne1980",
        "alias": "user",
        "meta": "@sys.any",
        "userDefined": true
      }
    ],
    "isTemplate": false,
    "count": 0,
    "updated": 1519377178
  },
  {
    "id": "c2e245ab-97ea-478f-a404-47fe06a9f413",
    "data": [
      {
        "text": "balance for ",
        "userDefined": false
      },
      {
        "text": "SimonTheCat",
        "alias": "user",
        "meta": "@sys.any",
        "userDefined": true
      }
    ],
    "isTemplate": false,
    "count": 0,
    "updated": 1519377178
  },
  {
    "id": "409a1b9d-8d9d-420e-9c6c-f5e5a30b4b17",
    "data": [
      {
        "text": "balance ",
        "userDefined": false
      },
      {
        "text": "Alex",
        "alias": "user",
        "meta": "@sys.any",
        "userDefined": false
      }
    ],
    "isTemplate": false,
    "count": 0,
    "updated": 1519377178
  },
  {
    "id": "6b9ce959-6965-49f9-b150-eb3967b3f427",
    "data": [
      {
        "text": "balance @sys.any:user",
        "userDefined": false
      }
    ],
    "isTemplate": true,
    "count": 0,
    "updated": 1519377178
  },
  {
    "id": "68ae1b1f-9258-4bf1-8189-e2af1a4d0da5",
    "data": [
      {
        "text": "show me balance",
        "userDefined": false
      }
    ],
    "isTemplate": false,
    "count": 0,
    "updated": 1519377178
  },
  {
    "id": "c1d7059c-eff1-4b46-826e-4be8c363f406",
    "data": [
      {
        "text": "current balance",
        "userDefined": false
      }
    ],
    "isTemplate": false,
    "count": 0,
    "updated": 1519377178
  },
  {
    "id": "bb808a34-f59f-4d3c-96fe-9bdc0c1b1bcd",
    "data": [
      {
        "text": "position",
        "userDefined": false
      }
    ],
    "isTemplate": false,
    "count": 0,
    "updated": 1519377178
  },
  {
    "id": "1c1b6ce0-2b8c-4c0c-ab9d-8d20c454d664",
    "data": [
      {
        "text": "what is the balance",
        "userDefined": false
      }
    ],
    "isTemplate": false,
    "count": 0,
    "updated": 1519377178
  },
  {
    "id": "e8ef243d-81dd-4490-86b4-312da9156e00",
    "data": [
      {
        "text": "show balance",
        "userDefined": false
      }
    ],
    "isTemplate": false,
    "count": 0,
    "updated": 1519377178
  },
  {
    "id": "f2cc57bb-0a88-415b-8fe1-a348345af159",
    "data": [
      {
        "text": "balance",
        "userDefined": false
      }
    ],
    "isTemplate": false,
    "count": 0,
    "updated": 1519377178
  }
]