[
  {
    "id": "d815265e-6d5f-4714-975a-580ce649ed97",
    "data": [
      {
        "text": "Delete user ",
        "userDefined": false
      },
      {
        "text": "Dan",
        "alias": "user",
        "meta": "@sys.any",
        "userDefined": true
      }
    ],
    "isTemplate": false,
    "count": 0,
    "updated": 1520585218
  },
  {
    "id": "a03b4403-60c3-4a12-94f9-324dcb4d9a2b",
    "data": [
      {
        "text": "delete user ",
        "userDefined": false
      },
      {
        "text": "Sam",
        "alias": "user",
        "meta": "@sys.any",
        "userDefined": true
      }
    ],
    "isTemplate": false,
    "count": 0,
    "updated": 1520585218
  },
  {
    "id": "0fc17be1-060f-49f5-adcd-c00e18e1d22b",
    "data": [
      {
        "text": "remove user @sys.any:user",
        "userDefined": false
      }
    ],
    "isTemplate": true,
    "count": 0,
    "updated": 1520281439
  },
  {
    "id": "592e7bbc-f32a-4ec2-8d72-ad15c3cc8e79",
    "data": [
      {
        "text": "delete user @sys.any:user",
        "userDefined": false
      }
    ],
    "isTemplate": true,
    "count": 0,
    "updated": 1520281439
  },
  {
    "id": "5e0a371d-6edd-43a0-af16-8111e4501d3c",
    "data": [
      {
        "text": "remove user ",
        "userDefined": false
      },
      {
        "text": "SamX339D",
        "alias": "user",
        "meta": "@sys.any",
        "userDefined": true
      }
    ],
    "isTemplate": false,
    "count": 0,
    "updated": 1520281439
  },
  {
    "id": "c505769d-8b76-4cac-9bf3-da288c1d0442",
    "data": [
      {
        "text": "remove user ",
        "userDefined": false
      },
      {
        "text": "339994",
        "alias": "user",
        "meta": "@sys.any",
        "userDefined": true
      }
    ],
    "isTemplate": false,
    "count": 0,
    "updated": 1520281439
  },
  {
    "id": "22a5881b-d60f-4d81-b7a8-5b30239c3c6b",
    "data": [
      {
        "text": "delete user ",
        "userDefined": false
      },
      {
        "text": "339994",
        "alias": "user",
        "meta": "@sys.any",
        "userDefined": true
      }
    ],
    "isTemplate": false,
    "count": 0,
    "updated": 1520281439
  }
]