[
  {
    "id": "b9a8ddfe-44cb-47fa-a8e7-b5a59ea65a42",
    "data": [
      {
        "text": "delete payment ",
        "userDefined": false
      },
      {
        "text": "2",
        "alias": "payment2delete",
        "meta": "@sys.number",
        "userDefined": false
      }
    ],
    "isTemplate": false,
    "count": 0,
    "updated": 0
  },
  {
    "id": "ae74f4ff-2828-4433-b03c-d5f61e3974ab",
    "data": [
      {
        "text": "delete #@sys.number:payment2delete",
        "userDefined": false
      }
    ],
    "isTemplate": true,
    "count": 0,
    "updated": 1520674076
  },
  {
    "id": "8914625e-51ed-4fdc-9627-b53baf9f8481",
    "data": [
      {
        "text": "delete transaction #@sys.number:payment2delete",
        "userDefined": false
      }
    ],
    "isTemplate": true,
    "count": 0,
    "updated": 1520674076
  },
  {
    "id": "2bd50c8d-a28c-4de5-8885-da094a8115eb",
    "data": [
      {
        "text": "delete transaction @sys.number:payment2delete",
        "userDefined": false
      }
    ],
    "isTemplate": true,
    "count": 0,
    "updated": 1520674076
  },
  {
    "id": "a086864f-7f1e-4e5d-af6a-03e46f113aac",
    "data": [
      {
        "text": "delete payment #",
        "userDefined": false
      },
      {
        "text": "10",
        "alias": "payment2delete",
        "meta": "@sys.number",
        "userDefined": true
      }
    ],
    "isTemplate": false,
    "count": 1,
    "updated": 1520674076
  },
  {
    "id": "47c2b12f-008d-4665-8754-a0f77c48b105",
    "data": [
      {
        "text": "delete payment №@sys.number:payment2delete",
        "userDefined": false
      }
    ],
    "isTemplate": true,
    "count": 0,
    "updated": 1520674076
  },
  {
    "id": "f30236a0-03fe-427c-841f-85115006895d",
    "data": [
      {
        "text": "delete payment #@sys.number:payment2delete",
        "userDefined": false
      }
    ],
    "isTemplate": true,
    "count": 0,
    "updated": 1520674076
  },
  {
    "id": "1fd55652-7d6f-4840-b66b-053588f8c6d0",
    "data": [
      {
        "text": "delete @sys.number:payment2delete",
        "userDefined": false
      }
    ],
    "isTemplate": true,
    "count": 0,
    "updated": 1520674076
  },
  {
    "id": "cc51351c-a780-4935-b484-2f5eb34f79cd",
    "data": [
      {
        "text": "delete payment @sys.number:payment2delete",
        "userDefined": false
      }
    ],
    "isTemplate": true,
    "count": 0,
    "updated": 1520674076
  },
  {
    "id": "1a5bd1dc-6dfb-4d15-a239-fc2fed1d8fc8",
    "data": [
      {
        "text": "delete payment ",
        "userDefined": false
      },
      {
        "text": "5",
        "alias": "payment2delete",
        "meta": "@sys.number",
        "userDefined": false
      }
    ],
    "isTemplate": false,
    "count": 0,
    "updated": 1520674076
  }
]