[
  {
    "id": "dd811604-4d45-446c-a696-77b1aad0c568",
    "data": [
      {
        "text": "@sys.number:payment2delete",
        "userDefined": false
      }
    ],
    "isTemplate": true,
    "count": 0,
    "updated": 1520674385
  },
  {
    "id": "c025539a-43fe-4cce-b392-dd43dd613f55",
    "data": [
      {
        "text": "2",
        "alias": "payment2delete",
        "meta": "@sys.number",
        "userDefined": true
      }
    ],
    "isTemplate": false,
    "count": 0,
    "updated": 1520674385
  },
  {
    "id": "5a8bc59d-319b-4548-af1c-572cb09323b7",
    "data": [
      {
        "text": "20",
        "alias": "payment2delete",
        "meta": "@sys.number",
        "userDefined": true
      }
    ],
    "isTemplate": false,
    "count": 0,
    "updated": 1520674385
  },
  {
    "id": "f394cba1-802a-42fe-835f-4a0c62a7eef3",
    "data": [
      {
        "text": "10",
        "alias": "payment2delete",
        "meta": "@sys.number",
        "userDefined": false
      }
    ],
    "isTemplate": false,
    "count": 0,
    "updated": 1520674385
  }
]