[
  {
    "id": "8c7bb40b-22b8-4046-a281-585a8d0a2a10",
    "data": [
      {
        "text": "theta-zebra",
        "userDefined": false
      },
      {
        "text": "-010318",
        "alias": "number",
        "meta": "@sys.number",
        "userDefined": false
      }
    ],
    "isTemplate": false,
    "count": 0,
    "updated": 1520093747
  },
  {
    "id": "abe0d144-e9c5-4502-9546-e041dde59926",
    "data": [
      {
        "text": "zeta-puma",
        "userDefined": false
      },
      {
        "text": "-280218",
        "alias": "number",
        "meta": "@sys.number",
        "userDefined": false
      }
    ],
    "isTemplate": false,
    "count": 0,
    "updated": 1520093747
  },
  {
    "id": "1867ec71-9963-4136-842e-e2679feadd9c",
    "data": [
      {
        "text": "epsilon-mouse-",
        "userDefined": false
      },
      {
        "text": "020318",
        "alias": "number",
        "meta": "@sys.number",
        "userDefined": false
      }
    ],
    "isTemplate": false,
    "count": 0,
    "updated": 1520093747
  },
  {
    "id": "5582e445-629b-4ccc-9e70-653ec4ca54d6",
    "data": [
      {
        "text": "@sys.any:log_to_delete",
        "userDefined": false
      }
    ],
    "isTemplate": true,
    "count": 0,
    "updated": 1520093747
  }
]