[
  {
    "id": "1c9f4e8e-1926-4bce-bbd0-3b34d6adec3d",
    "data": [
      {
        "text": "delete paument",
        "userDefined": false
      }
    ],
    "isTemplate": false,
    "count": 0,
    "updated": 1520674252
  },
  {
    "id": "eb642e31-6cdd-4807-a1b7-39b3bc318d7a",
    "data": [
      {
        "text": "remove payment",
        "userDefined": false
      }
    ],
    "isTemplate": false,
    "count": 0,
    "updated": 1520674252
  },
  {
    "id": "dfe41ab5-ddaa-45ce-9e06-3f52379c8267",
    "data": [
      {
        "text": "delete transaction",
        "userDefined": false
      }
    ],
    "isTemplate": false,
    "count": 0,
    "updated": 1520674252
  },
  {
    "id": "1f500052-aea1-4a5f-a39c-0d5357d0c05e",
    "data": [
      {
        "text": "Delete payment",
        "userDefined": false
      }
    ],
    "isTemplate": false,
    "count": 1,
    "updated": 1520674252
  }
]