[
  {
    "id": "be27c4ba-4ecc-4c7e-9b8e-6905d5eea2a1",
    "data": [
      {
        "text": "delet log",
        "userDefined": false
      }
    ],
    "isTemplate": false,
    "count": 0,
    "updated": 1519982039
  },
  {
    "id": "1782eb66-5d82-439e-a81e-b1aa9ab7a537",
    "data": [
      {
        "text": "remove log",
        "userDefined": false
      }
    ],
    "isTemplate": false,
    "count": 0,
    "updated": 1519982039
  },
  {
    "id": "733af1b1-c238-47ce-b4c0-adcbf95a62e7",
    "data": [
      {
        "text": "close log",
        "userDefined": false
      }
    ],
    "isTemplate": false,
    "count": 0,
    "updated": 1519982039
  },
  {
    "id": "f09c18d3-8150-41c9-8b17-51e516d5addd",
    "data": [
      {
        "text": "delete journal",
        "userDefined": false
      }
    ],
    "isTemplate": false,
    "count": 0,
    "updated": 1519982039
  },
  {
    "id": "d051e483-9b04-4a70-b79d-e489c275de68",
    "data": [
      {
        "text": "delete statement",
        "userDefined": false
      }
    ],
    "isTemplate": false,
    "count": 0,
    "updated": 1519982039
  },
  {
    "id": "b96b9a50-9c62-459d-aa49-877869e79fcb",
    "data": [
      {
        "text": "clear log",
        "userDefined": false
      }
    ],
    "isTemplate": false,
    "count": 0,
    "updated": 1519982039
  },
  {
    "id": "b75cadab-1bc8-40b2-9f72-cbadf3003611",
    "data": [
      {
        "text": "delete log",
        "userDefined": false
      }
    ],
    "isTemplate": false,
    "count": 0,
    "updated": 1519982039
  }
]