[
  {
    "id": "30c99292-45a9-41fd-9732-0a9ab1aa96db",
    "data": [
      {
        "text": "user delete",
        "userDefined": false
      }
    ],
    "isTemplate": false,
    "count": 0,
    "updated": 1520323937
  },
  {
    "id": "d64fca6d-d0f4-4cf2-9d4d-c00c2adc510c",
    "data": [
      {
        "text": "Remove user",
        "userDefined": false
      }
    ],
    "isTemplate": false,
    "count": 0,
    "updated": 1520323937
  },
  {
    "id": "4582be89-348c-4f0d-bcf5-dbc4ac894210",
    "data": [
      {
        "text": "Delete user",
        "userDefined": false
      }
    ],
    "isTemplate": false,
    "count": 0,
    "updated": 1520323937
  }
]