[
  {
    "id": "232ff2d6-a8ca-4416-9a70-ddf0413cf226",
    "data": [
      {
        "text": "remove user @sys.any:user",
        "userDefined": false
      }
    ],
    "isTemplate": true,
    "count": 0,
    "updated": 1520281439
  },
  {
    "id": "53a681ea-cf1b-4bef-8609-b9dc922e1ae2",
    "data": [
      {
        "text": "delete user @sys.any:user",
        "userDefined": false
      }
    ],
    "isTemplate": true,
    "count": 0,
    "updated": 1520281439
  },
  {
    "id": "01098d90-aaff-4e79-8bd0-74a275d4f5f9",
    "data": [
      {
        "text": "remove user ",
        "userDefined": false
      },
      {
        "text": "SamX339D",
        "alias": "user",
        "meta": "@sys.any",
        "userDefined": true
      }
    ],
    "isTemplate": false,
    "count": 0,
    "updated": 1520281439
  },
  {
    "id": "e0d28df0-3c27-4681-8dee-3ac68a4edc4b",
    "data": [
      {
        "text": "remove user ",
        "userDefined": false
      },
      {
        "text": "339994",
        "alias": "user",
        "meta": "@sys.any",
        "userDefined": true
      }
    ],
    "isTemplate": false,
    "count": 0,
    "updated": 1520281439
  },
  {
    "id": "9c7ee030-9f6c-495b-addd-66fc640c2bc6",
    "data": [
      {
        "text": "delete user ",
        "userDefined": false
      },
      {
        "text": "339994",
        "alias": "user",
        "meta": "@sys.any",
        "userDefined": true
      }
    ],
    "isTemplate": false,
    "count": 0,
    "updated": 1520281439
  }
]