[
  {
    "id": "d706b730-31c1-475d-9588-a72ae12a9cd2",
    "data": [
      {
        "text": "do it",
        "userDefined": false
      }
    ],
    "isTemplate": false,
    "count": 0,
    "updated": 1519981861
  },
  {
    "id": "f499f52d-cd24-493f-bda7-f8aa30bb7245",
    "data": [
      {
        "text": "ok",
        "userDefined": false
      }
    ],
    "isTemplate": false,
    "count": 0,
    "updated": 1519981861
  },
  {
    "id": "2a499c26-6c5f-4c10-9fb7-d464363cbb46",
    "data": [
      {
        "text": "true",
        "userDefined": false
      }
    ],
    "isTemplate": false,
    "count": 0,
    "updated": 1519981861
  },
  {
    "id": "ca92eb42-55a8-4b8a-8ea1-0358d1df7e64",
    "data": [
      {
        "text": "ya",
        "userDefined": false
      }
    ],
    "isTemplate": false,
    "count": 0,
    "updated": 1519981861
  },
  {
    "id": "0161b408-a672-4268-87e8-18aa8e7a8141",
    "data": [
      {
        "text": "create log",
        "userDefined": false
      }
    ],
    "isTemplate": false,
    "count": 0,
    "updated": 1519981861
  },
  {
    "id": "0830110e-8ac5-422c-afdb-ec447394369d",
    "data": [
      {
        "text": "yes please",
        "userDefined": false
      }
    ],
    "isTemplate": false,
    "count": 0,
    "updated": 1519981861
  },
  {
    "id": "796e1206-a5b9-41d4-b7fa-4f93718d1d8b",
    "data": [
      {
        "text": "yes",
        "userDefined": false
      }
    ],
    "isTemplate": false,
    "count": 0,
    "updated": 1519981861
  }
]