[
  {
    "id": "5aaa2b16-f1e9-4f31-a250-9efd2bae1c1b",
    "data": [
      {
        "text": "delete #@sys.number:payment2delete",
        "userDefined": false
      }
    ],
    "isTemplate": true,
    "count": 0,
    "updated": 1520674076
  },
  {
    "id": "143ff6d3-e166-449e-835a-45f6e313838f",
    "data": [
      {
        "text": "delete transaction #@sys.number:payment2delete",
        "userDefined": false
      }
    ],
    "isTemplate": true,
    "count": 0,
    "updated": 1520674076
  },
  {
    "id": "6d5b89ed-7a92-49a9-8780-570fc0a4f252",
    "data": [
      {
        "text": "delete transaction @sys.number:payment2delete",
        "userDefined": false
      }
    ],
    "isTemplate": true,
    "count": 0,
    "updated": 1520674076
  },
  {
    "id": "62b798e5-e3d5-4f11-b463-c4e98d630685",
    "data": [
      {
        "text": "delete payment #",
        "userDefined": false
      },
      {
        "text": "10",
        "alias": "payment2delete",
        "meta": "@sys.number",
        "userDefined": true
      }
    ],
    "isTemplate": false,
    "count": 1,
    "updated": 1520674076
  },
  {
    "id": "4baeea83-1bca-4f5c-b7ce-e2327ec25c4b",
    "data": [
      {
        "text": "delete payment №@sys.number:payment2delete",
        "userDefined": false
      }
    ],
    "isTemplate": true,
    "count": 0,
    "updated": 1520674076
  },
  {
    "id": "0b221a5c-a0cb-4198-aef4-33cbd84daa23",
    "data": [
      {
        "text": "delete payment #@sys.number:payment2delete",
        "userDefined": false
      }
    ],
    "isTemplate": true,
    "count": 0,
    "updated": 1520674076
  },
  {
    "id": "743c1994-0e3c-4238-a7f4-68af27dd6f55",
    "data": [
      {
        "text": "delete @sys.number:payment2delete",
        "userDefined": false
      }
    ],
    "isTemplate": true,
    "count": 0,
    "updated": 1520674076
  },
  {
    "id": "c02a003e-089c-448b-be9a-a3398445dbd5",
    "data": [
      {
        "text": "delete payment @sys.number:payment2delete",
        "userDefined": false
      }
    ],
    "isTemplate": true,
    "count": 0,
    "updated": 1520674076
  },
  {
    "id": "56bedfe6-fc9d-49ba-9eaa-3b14be90cef0",
    "data": [
      {
        "text": "delete payment ",
        "userDefined": false
      },
      {
        "text": "5",
        "alias": "payment2delete",
        "meta": "@sys.number",
        "userDefined": false
      }
    ],
    "isTemplate": false,
    "count": 0,
    "updated": 1520674076
  }
]