[
  {
    "id": "efe3b8fc-d5b6-4ac6-8968-fc677193d95c",
    "data": [
      {
        "text": "user delete",
        "userDefined": false
      }
    ],
    "isTemplate": false,
    "count": 0,
    "updated": 1520281615
  },
  {
    "id": "67fef32e-5aa0-4a5b-bc6b-17e3adf715b3",
    "data": [
      {
        "text": "Remove user",
        "userDefined": false
      }
    ],
    "isTemplate": false,
    "count": 0,
    "updated": 1520281887
  },
  {
    "id": "827cf6c6-f592-4e49-83cb-ade5ba16c0af",
    "data": [
      {
        "text": "Delete user",
        "userDefined": false
      }
    ],
    "isTemplate": false,
    "count": 0,
    "updated": 1520281615
  }
]