[
  {
    "id": "d05b8ef1-3e9b-4761-b983-e71eab7f094a",
    "data": [
      {
        "text": "Dan1983",
        "alias": "user",
        "meta": "@sys.any",
        "userDefined": true
      }
    ],
    "isTemplate": false,
    "count": 1,
    "updated": 1520281852
  },
  {
    "id": "414ba5d4-96d4-481e-8167-338be13a55d8",
    "data": [
      {
        "text": "339994",
        "alias": "user",
        "meta": "@sys.any",
        "userDefined": true
      }
    ],
    "isTemplate": false,
    "count": 0,
    "updated": 1520281852
  },
  {
    "id": "3745ccdd-d543-40e3-ae6f-c7bed713e921",
    "data": [
      {
        "text": "Dan",
        "alias": "user",
        "meta": "@sys.any",
        "userDefined": true
      }
    ],
    "isTemplate": false,
    "count": 0,
    "updated": 1520281852
  },
  {
    "id": "fe3b0b67-7cdd-4995-86d5-6969fd94437f",
    "data": [
      {
        "text": "SamX339D",
        "alias": "user",
        "meta": "@sys.any",
        "userDefined": true
      }
    ],
    "isTemplate": false,
    "count": 0,
    "updated": 1520281852
  },
  {
    "id": "5b69b8cc-6602-4484-ac11-8543d9b46584",
    "data": [
      {
        "text": "@sys.any:user",
        "userDefined": false
      }
    ],
    "isTemplate": true,
    "count": 0,
    "updated": 1520281852
  }
]