[
  {
    "id": "c38700b2-a9c0-438e-897f-6ab9bad0b07f",
    "data": [
      {
        "text": "@sys.email:email",
        "userDefined": false
      }
    ],
    "isTemplate": true,
    "count": 0,
    "updated": 1520712248
  },
  {
    "id": "9e770503-ceff-461f-b470-8fb9d1b795f3",
    "data": [
      {
        "text": "yorik@list.ru",
        "alias": "email",
        "meta": "@sys.email",
        "userDefined": true
      }
    ],
    "isTemplate": false,
    "count": 0,
    "updated": 1520712248
  }
]