[
  {
    "id": "7b8c88a9-2d89-4744-9da7-56e757627954",
    "data": [
      {
        "text": "all commands",
        "userDefined": false
      }
    ],
    "isTemplate": false,
    "count": 0,
    "updated": 1520247709
  },
  {
    "id": "88bd8876-e500-44c3-a445-df4b6f3c3ae3",
    "data": [
      {
        "text": "frequently asked questions",
        "userDefined": false
      }
    ],
    "isTemplate": false,
    "count": 0,
    "updated": 1520247709
  },
  {
    "id": "4513dfe3-268b-4dcd-a5f7-d8a7e368f69e",
    "data": [
      {
        "text": "display faq",
        "userDefined": false
      }
    ],
    "isTemplate": false,
    "count": 0,
    "updated": 1520247709
  },
  {
    "id": "f52a7250-91b8-4d27-bdd0-ff7b30ad08bd",
    "data": [
      {
        "text": "how to",
        "userDefined": false
      }
    ],
    "isTemplate": false,
    "count": 0,
    "updated": 1520247709
  },
  {
    "id": "63357076-7670-42ae-ba87-a54559d4b125",
    "data": [
      {
        "text": "show help",
        "userDefined": false
      }
    ],
    "isTemplate": false,
    "count": 0,
    "updated": 1520247709
  },
  {
    "id": "7f1ced4a-74f9-4d46-b0a5-e2187ca9b801",
    "data": [
      {
        "text": "show faq",
        "userDefined": false
      }
    ],
    "isTemplate": false,
    "count": 0,
    "updated": 1520247709
  },
  {
    "id": "79d5c40e-5854-4d00-8919-23703b4988a4",
    "data": [
      {
        "text": "commands",
        "userDefined": false
      }
    ],
    "isTemplate": false,
    "count": 0,
    "updated": 1520247709
  },
  {
    "id": "f7a9b3e9-5300-466f-9226-42597de868ab",
    "data": [
      {
        "text": "show commands",
        "userDefined": false
      }
    ],
    "isTemplate": false,
    "count": 0,
    "updated": 1520247709
  },
  {
    "id": "81cf9eb2-4c47-4776-9e04-4c9f3d714797",
    "data": [
      {
        "text": "faq",
        "userDefined": false
      }
    ],
    "isTemplate": false,
    "count": 0,
    "updated": 1520247709
  },
  {
    "id": "533e3f22-cdf0-459d-b4eb-866c88689760",
    "data": [
      {
        "text": "help",
        "userDefined": false
      }
    ],
    "isTemplate": false,
    "count": 0,
    "updated": 1520247709
  }
]