[
  {
    "id": "b04b5584-3426-4e42-b4bd-6eae6f6d27c0",
    "data": [
      {
        "text": "@sys.number:payment2modify",
        "userDefined": false
      }
    ],
    "isTemplate": true,
    "count": 0,
    "updated": 1520687964
  },
  {
    "id": "b71f7d01-8257-4d8b-b415-67252d8ae210",
    "data": [
      {
        "text": "2",
        "alias": "payment2modify",
        "meta": "@sys.number",
        "userDefined": true
      }
    ],
    "isTemplate": false,
    "count": 0,
    "updated": 1520687964
  },
  {
    "id": "ab84a33c-9964-4901-886e-ce9eb26c7f22",
    "data": [
      {
        "text": "10",
        "alias": "payment2modify",
        "meta": "@sys.number",
        "userDefined": true
      }
    ],
    "isTemplate": false,
    "count": 0,
    "updated": 1520687964
  }
]