[
  {
    "id": "c978b600-6fcd-467f-8281-f5ef94f03e45",
    "data": [
      {
        "text": "edit payment @sys.number:payment2modify",
        "userDefined": false
      }
    ],
    "isTemplate": true,
    "count": 0,
    "updated": 1520694033
  },
  {
    "id": "8547cf98-597b-4b30-984e-94f61ba4265a",
    "data": [
      {
        "text": "edit @sys.number:payment2modify",
        "userDefined": false
      }
    ],
    "isTemplate": true,
    "count": 0,
    "updated": 1520694033
  },
  {
    "id": "56784885-2c0e-49cb-9a0f-03d061ed0c5f",
    "data": [
      {
        "text": "edit payment ",
        "userDefined": false
      },
      {
        "text": "12",
        "alias": "payment2modify",
        "meta": "@sys.number",
        "userDefined": false
      }
    ],
    "isTemplate": false,
    "count": 0,
    "updated": 1520694033
  },
  {
    "id": "105f3272-a916-4b9a-8f47-ae27bf5efc15",
    "data": [
      {
        "text": "modify transaction #@sys.number:payment2modify",
        "userDefined": false
      }
    ],
    "isTemplate": true,
    "count": 0,
    "updated": 1520694033
  },
  {
    "id": "362a6316-cfc1-49ae-b84f-93fb63acbb7e",
    "data": [
      {
        "text": "modify transaction @sys.number:payment2modify",
        "userDefined": false
      }
    ],
    "isTemplate": true,
    "count": 0,
    "updated": 1520694033
  },
  {
    "id": "0260bc02-7dc8-4d6c-866d-f5b85a262ed8",
    "data": [
      {
        "text": "modify payment #",
        "userDefined": false
      },
      {
        "text": "10",
        "alias": "payment2modify",
        "meta": "@sys.number",
        "userDefined": false
      }
    ],
    "isTemplate": false,
    "count": 0,
    "updated": 1520694033
  },
  {
    "id": "1cf67113-d9a2-4414-b8a0-3240901ff370",
    "data": [
      {
        "text": "modify payment #@sys.number:payment2modify",
        "userDefined": false
      }
    ],
    "isTemplate": true,
    "count": 0,
    "updated": 1520694033
  },
  {
    "id": "e141a439-f99a-4c17-9dec-920cff7141af",
    "data": [
      {
        "text": "modify @sys.number:payment2modify",
        "userDefined": false
      }
    ],
    "isTemplate": true,
    "count": 0,
    "updated": 1520694033
  },
  {
    "id": "5c70b750-7239-44f5-ad9b-0d0314375abc",
    "data": [
      {
        "text": "modify payment @sys.number:payment2modify",
        "userDefined": false
      }
    ],
    "isTemplate": true,
    "count": 0,
    "updated": 1520694033
  },
  {
    "id": "c28e86a8-2bc9-4bb7-a680-181452520e49",
    "data": [
      {
        "text": "modify payment ",
        "userDefined": false
      },
      {
        "text": "5",
        "alias": "payment2modify",
        "meta": "@sys.number",
        "userDefined": false
      }
    ],
    "isTemplate": false,
    "count": 0,
    "updated": 1520694033
  }
]