[
  {
    "id": "e87cb993-5e26-4560-9409-3c7e21762d7e",
    "data": [
      {
        "text": "modify paiment",
        "userDefined": false
      }
    ],
    "isTemplate": false,
    "count": 0,
    "updated": 1520687855
  },
  {
    "id": "dfc81874-1124-4f63-bf18-86dd7af60445",
    "data": [
      {
        "text": "change transaction",
        "userDefined": false
      }
    ],
    "isTemplate": false,
    "count": 0,
    "updated": 1520687855
  },
  {
    "id": "7a91e616-9318-49d5-bcb5-f250fc679e04",
    "data": [
      {
        "text": "correct transaction",
        "userDefined": false
      }
    ],
    "isTemplate": false,
    "count": 0,
    "updated": 1520687855
  },
  {
    "id": "8f27631f-d9ea-4254-9797-d792882521a0",
    "data": [
      {
        "text": "correct payment",
        "userDefined": false
      }
    ],
    "isTemplate": false,
    "count": 0,
    "updated": 1520687855
  },
  {
    "id": "5e2916d0-7a71-4dca-b88b-6cc7f74cc652",
    "data": [
      {
        "text": "change payment",
        "userDefined": false
      }
    ],
    "isTemplate": false,
    "count": 0,
    "updated": 1520687855
  },
  {
    "id": "1d3346fe-56ef-428d-89e9-bd4f7f5f3e8f",
    "data": [
      {
        "text": "modify transaction",
        "userDefined": false
      }
    ],
    "isTemplate": false,
    "count": 0,
    "updated": 1520687855
  },
  {
    "id": "a1462c8a-faba-410f-8b71-c134948d1945",
    "data": [
      {
        "text": "Modify payment",
        "userDefined": false
      }
    ],
    "isTemplate": false,
    "count": 0,
    "updated": 1520687855
  }
]