[
  {
    "id": "3310b356-5117-46ab-b81c-4295d8499cc2",
    "data": [
      {
        "text": "mail me statement",
        "userDefined": false
      }
    ],
    "isTemplate": false,
    "count": 0,
    "updated": 1520712106
  },
  {
    "id": "1d354c87-2e47-403d-a35e-79c1ff7328d7",
    "data": [
      {
        "text": "statement to mail",
        "userDefined": false
      }
    ],
    "isTemplate": false,
    "count": 0,
    "updated": 1520712106
  },
  {
    "id": "45daf2f8-154e-42fa-9979-efb25e2187cd",
    "data": [
      {
        "text": "send me statement",
        "userDefined": false
      }
    ],
    "isTemplate": false,
    "count": 0,
    "updated": 1520712106
  },
  {
    "id": "49e5e11e-1cb3-4dbd-be88-2fa52cf3c736",
    "data": [
      {
        "text": "email me log",
        "userDefined": false
      }
    ],
    "isTemplate": false,
    "count": 0,
    "updated": 1520712106
  },
  {
    "id": "66274102-58fa-4fc0-a129-3ae722187dc8",
    "data": [
      {
        "text": "email me statement",
        "userDefined": false
      }
    ],
    "isTemplate": false,
    "count": 0,
    "updated": 1520712106
  },
  {
    "id": "aedda384-b068-4648-875b-228c9ccdd8f2",
    "data": [
      {
        "text": "statement to e-mail",
        "userDefined": false
      }
    ],
    "isTemplate": false,
    "count": 0,
    "updated": 1520712106
  },
  {
    "id": "443756db-aa25-4fac-b6de-e5518b22c05e",
    "data": [
      {
        "text": "send statement to email",
        "userDefined": false
      }
    ],
    "isTemplate": false,
    "count": 0,
    "updated": 1520712106
  },
  {
    "id": "41887bbe-34b2-40d9-bda8-0244171d441b",
    "data": [
      {
        "text": "log to email",
        "userDefined": false
      }
    ],
    "isTemplate": false,
    "count": 0,
    "updated": 1520712106
  },
  {
    "id": "ecb4de50-651c-4e7c-8258-53dff2e7ff4f",
    "data": [
      {
        "text": "statement to email",
        "userDefined": false
      }
    ],
    "isTemplate": false,
    "count": 0,
    "updated": 1520712106
  }
]