[
  {
    "id": "5f1d00bf-4dc5-4fac-958d-2902c9b964e5",
    "data": [
      {
        "text": "display transactions",
        "userDefined": false
      }
    ],
    "isTemplate": false,
    "count": 0,
    "updated": 1520245264
  },
  {
    "id": "6c51993c-714f-48c2-b098-7df409c89ab4",
    "data": [
      {
        "text": "display payments",
        "userDefined": false
      }
    ],
    "isTemplate": false,
    "count": 0,
    "updated": 1520245264
  },
  {
    "id": "567a426d-2c78-42bc-a525-c6f316e7dcbd",
    "data": [
      {
        "text": "show all payments",
        "userDefined": false
      }
    ],
    "isTemplate": false,
    "count": 0,
    "updated": 1520245264
  },
  {
    "id": "1097a78f-31b6-463e-ba44-311189604e3b",
    "data": [
      {
        "text": "all transactions",
        "userDefined": false
      }
    ],
    "isTemplate": false,
    "count": 0,
    "updated": 1520245264
  },
  {
    "id": "df04381a-da19-4c31-92ec-9e6470724749",
    "data": [
      {
        "text": "all payments",
        "userDefined": false
      }
    ],
    "isTemplate": false,
    "count": 0,
    "updated": 1520245264
  },
  {
    "id": "70cfcf3f-7413-4c06-adfe-3349dabd0505",
    "data": [
      {
        "text": "invoicing",
        "userDefined": false
      }
    ],
    "isTemplate": false,
    "count": 0,
    "updated": 1519422440
  },
  {
    "id": "963cb4db-1af3-43ab-a223-ca292f0eb401",
    "data": [
      {
        "text": "account",
        "userDefined": false
      }
    ],
    "isTemplate": false,
    "count": 0,
    "updated": 1519422440
  },
  {
    "id": "21baf1b8-b48d-493c-860f-d409dd413e31",
    "data": [
      {
        "text": "show account",
        "userDefined": false
      }
    ],
    "isTemplate": false,
    "count": 0,
    "updated": 1519422440
  },
  {
    "id": "11be3bea-11f1-4b50-8073-5e6565e3ebbd",
    "data": [
      {
        "text": "show invoice",
        "userDefined": false
      }
    ],
    "isTemplate": false,
    "count": 0,
    "updated": 1519422440
  },
  {
    "id": "35ab47f9-9d5e-48ec-b34f-1b600fd0e481",
    "data": [
      {
        "text": "invoice",
        "userDefined": false
      }
    ],
    "isTemplate": false,
    "count": 0,
    "updated": 1519422440
  },
  {
    "id": "e056c49d-269b-432d-a231-6ae54e5c5700",
    "data": [
      {
        "text": "give me report",
        "userDefined": false
      }
    ],
    "isTemplate": false,
    "count": 0,
    "updated": 1519422440
  },
  {
    "id": "73e79be4-5cba-4b3d-b002-4771868726cf",
    "data": [
      {
        "text": "show report",
        "userDefined": false
      }
    ],
    "isTemplate": false,
    "count": 0,
    "updated": 1519422440
  },
  {
    "id": "5b7d1c59-198c-4a4d-b243-e624efe6fa4f",
    "data": [
      {
        "text": "report",
        "userDefined": false
      }
    ],
    "isTemplate": false,
    "count": 0,
    "updated": 1519422440
  },
  {
    "id": "a8c819a9-e06d-4b86-a6ce-afcba60ada47",
    "data": [
      {
        "text": "show statement",
        "userDefined": false
      }
    ],
    "isTemplate": false,
    "count": 0,
    "updated": 1519422440
  },
  {
    "id": "ddbc3aef-2014-4ceb-a64a-8f41547e1ebd",
    "data": [
      {
        "text": "statement",
        "userDefined": false
      }
    ],
    "isTemplate": false,
    "count": 0,
    "updated": 1519422440
  }
]