[
  {
    "id": "4bd63576-2a9b-4e5d-99da-067b3c508252",
    "data": [
      {
        "text": "change acount",
        "userDefined": false
      }
    ],
    "isTemplate": false,
    "count": 0,
    "updated": 1520768286
  },
  {
    "id": "fd84ff3b-618d-4274-b897-7221af91116c",
    "data": [
      {
        "text": "replace account",
        "userDefined": false
      }
    ],
    "isTemplate": false,
    "count": 0,
    "updated": 1520768286
  },
  {
    "id": "14087574-7a14-48a7-b051-ef5c5924f1c9",
    "data": [
      {
        "text": "replace log",
        "userDefined": false
      }
    ],
    "isTemplate": false,
    "count": 0,
    "updated": 1520768286
  },
  {
    "id": "5d1c51f7-d154-4e86-a53a-9f96942d59e5",
    "data": [
      {
        "text": "switch account",
        "userDefined": false
      }
    ],
    "isTemplate": false,
    "count": 0,
    "updated": 1520768286
  },
  {
    "id": "72c730f6-c168-4737-a7c0-d6d32f48277e",
    "data": [
      {
        "text": "change account",
        "userDefined": false
      }
    ],
    "isTemplate": false,
    "count": 0,
    "updated": 1520768286
  },
  {
    "id": "81f095d3-0a24-4689-9900-5b19492cc9fe",
    "data": [
      {
        "text": "change log",
        "userDefined": false
      }
    ],
    "isTemplate": false,
    "count": 0,
    "updated": 1520768286
  },
  {
    "id": "f8409387-fb47-4038-89e6-55788cfc1ef8",
    "data": [
      {
        "text": "switch log",
        "userDefined": false
      }
    ],
    "isTemplate": false,
    "count": 0,
    "updated": 1520768286
  }
]