[
  {
    "id": "58330234-5f6e-4304-b710-c8fb49ea1174",
    "data": [
      {
        "text": "@sys.any:log2switch2",
        "userDefined": false
      }
    ],
    "isTemplate": true,
    "count": 0,
    "updated": 1520719015
  },
  {
    "id": "2824ed8d-c98f-4ea1-af75-d022220eb851",
    "data": [
      {
        "text": "upsilon-mouse-010218",
        "alias": "log2switch2",
        "meta": "@sys.any",
        "userDefined": true
      }
    ],
    "isTemplate": false,
    "count": 0,
    "updated": 1520719015
  },
  {
    "id": "6cd75759-93f4-4d92-b51b-38a4021882ad",
    "data": [
      {
        "text": "theta-beaver-100318",
        "alias": "log2switch2",
        "meta": "@sys.any",
        "userDefined": true
      }
    ],
    "isTemplate": false,
    "count": 0,
    "updated": 1520719015
  }
]