[
  {
    "id": "98e49c16-1a9f-4eda-bee7-2e39561e0288",
    "data": [
      {
        "text": "change acount",
        "userDefined": false
      }
    ],
    "isTemplate": false,
    "count": 0,
    "updated": 1520718765
  },
  {
    "id": "4031817d-00cd-4d02-b2ed-96e7c5428580",
    "data": [
      {
        "text": "replace account",
        "userDefined": false
      }
    ],
    "isTemplate": false,
    "count": 0,
    "updated": 1520718765
  },
  {
    "id": "2f4a010e-6ea6-4fd2-a000-b0df321b6f61",
    "data": [
      {
        "text": "replace log",
        "userDefined": false
      }
    ],
    "isTemplate": false,
    "count": 0,
    "updated": 1520718765
  },
  {
    "id": "7ff252c9-76db-45aa-9d7e-a71b7372391d",
    "data": [
      {
        "text": "switch account",
        "userDefined": false
      }
    ],
    "isTemplate": false,
    "count": 0,
    "updated": 1520718765
  },
  {
    "id": "a4b7c46b-ad27-4ffd-aa68-a0612600446b",
    "data": [
      {
        "text": "change account",
        "userDefined": false
      }
    ],
    "isTemplate": false,
    "count": 0,
    "updated": 1520718765
  },
  {
    "id": "fdd4a77f-b33c-4fd2-afda-4b9ab5628fbe",
    "data": [
      {
        "text": "change log",
        "userDefined": false
      }
    ],
    "isTemplate": false,
    "count": 0,
    "updated": 1520718765
  },
  {
    "id": "20f654a7-e4a1-4bd0-aa43-b8990909c42b",
    "data": [
      {
        "text": "switch log",
        "userDefined": false
      }
    ],
    "isTemplate": false,
    "count": 0,
    "updated": 1520718765
  }
]