[
  {
    "id": "94e5d6c1-9f1c-4ee6-bb94-cdab0c40bbad",
    "data": [
      {
        "text": "switch to log @sys.any:log2switch2",
        "userDefined": false
      }
    ],
    "isTemplate": true,
    "count": 0,
    "updated": 1520768756
  },
  {
    "id": "9bad0f82-5697-428c-a0b5-0b1f286d53d0",
    "data": [
      {
        "text": "switch to log ",
        "userDefined": false
      },
      {
        "text": "upsilon-mouse-010218",
        "alias": "log2switch2",
        "meta": "@sys.any",
        "userDefined": true
      }
    ],
    "isTemplate": false,
    "count": 0,
    "updated": 1520768756
  },
  {
    "id": "35208338-49f0-428a-8094-db7509a3ba2a",
    "data": [
      {
        "text": "switch to log ",
        "userDefined": false
      },
      {
        "text": "theta-beaver-100318",
        "alias": "log2switch2",
        "meta": "@sys.any",
        "userDefined": true
      }
    ],
    "isTemplate": false,
    "count": 0,
    "updated": 1520768756
  }
]