[
  {
    "id": "e1bf685c-4f69-4df5-b2c3-0b3e1fb1d2d5",
    "data": [
      {
        "text": "Good day!",
        "userDefined": false
      }
    ],
    "isTemplate": false,
    "count": 0,
    "updated": 1519894350
  },
  {
    "id": "c0f35d77-4fe9-4a63-92e8-2621926dce01",
    "data": [
      {
        "text": "Hello",
        "userDefined": false
      }
    ],
    "isTemplate": false,
    "count": 0,
    "updated": 1519894350
  },
  {
    "id": "f0d0bcc1-7aa3-4b53-9a3f-995c323ef6eb",
    "data": [
      {
        "text": "Hey",
        "userDefined": false
      }
    ],
    "isTemplate": false,
    "count": 0,
    "updated": 1519894350
  },
  {
    "id": "e519baec-08b9-477b-8126-516d170671c7",
    "data": [
      {
        "text": "Hi!",
        "userDefined": false
      }
    ],
    "isTemplate": false,
    "count": 0,
    "updated": 1519894350
  }
]